Name,Specialist,Location,Experience,Contact,Rating
Dr. Arjun Sharma,Pulmonologist,Cuddalore,29,8781341240,5
Dr. Ajay Menon,Pulmonologist,Nagercoil,5,6712146705,3.5
Dr. Kiran Das,Oncologist,Coimbatore,21,6674614514,5
Dr. Sneha Reddy,Endocrinologist,Virudhunagar,12,7992218479,4
Dr. Ramesh Bose,Orthopedic,Vellore,19,7997576688,4.5
Dr. Neha Sharma,Pediatrician,Nagapattinam,33,6164779745,5
Dr. Neha Rao,Dermatologist,Dindigul,26,7100470757,5
Dr. Suresh Verma,Orthopedic,Madurai,35,6977090515,5
Dr. Siddharth Sharma,Cardiologist,Kanchipuram,31,7783351861,5
Dr. Arjun Chopra,Cardiologist,Dindigul,17,7730124898,4.5
Dr. Ramesh Kumar,Psychiatrist,Nagercoil,14,6313652788,4
Dr. Arjun Chopra,Endocrinologist,Krishnagiri,30,8998895440,5
Dr. Ramesh Mishra,Endocrinologist,Cuddalore,14,6936521240,4
Dr. Arjun Reddy,General Physician,Kanchipuram,23,9478576146,5
Dr. Harish Gupta,ENT Specialist,Nagapattinam,21,9254178000,5
Dr. Pooja Gupta,General Physician,Virudhunagar,7,7867032286,3.5
Dr. Suresh Nair,Urologist,Krishnagiri,8,6083562649,3.5
Dr. Rajesh Sharma,Cardiologist,Tiruchirappalli,8,9705649475,3.5
Dr. Meera Patel,General Physician,Cuddalore,20,6182841930,5
Dr. Sneha Mishra,Pediatrician,Madurai,19,8115195810,4.5
Dr. Aditi Gupta,Orthopedic,Erode,23,9279885895,5
Dr. Ramesh Sharma,General Physician,Virudhunagar,28,8663506882,5
Dr. Arjun Menon,Rheumatologist,Salem,19,8345946832,4.5
Dr. Naveen Reddy,General Physician,Salem,18,9135111194,4.5
Dr. Lakshmi Sharma,Gynecologist,Kanchipuram,22,9205902414,5
Dr. Aditi Nair,Pulmonologist,Krishnagiri,10,7217836602,4
Dr. Neha Gupta,Cardiologist,Chennai,17,8224589492,4.5
Dr. Rajesh Chopra,Neurologist,Thoothukudi,7,8655243411,3.5
Dr. Pooja Das,Gynecologist,Dindigul,4,9112170574,3
Dr. Ananya Menon,Psychiatrist,Tiruchirappalli,16,9512426062,4.5
Dr. Aditi Iyer,Neurologist,Chennai,19,7723666321,4.5
Dr. Shreya Patel,Urologist,Nagapattinam,22,9226613353,5
Dr. Meera Nair,ENT Specialist,Tirunelveli,23,7830636550,5
Dr. Shreya Das,ENT Specialist,Salem,9,8121107272,3.5
Dr. Rajesh Gupta,Dermatologist,Chennai,10,9253503446,4
Dr. Vikram Menon,Psychiatrist,Krishnagiri,16,7322964276,4.5
Dr. Ajay Rao,Neurologist,Karur,15,7152739304,4.5
Dr. Rajesh Bose,Pediatrician,Vellore,12,8773325505,4
Dr. Pooja Reddy,Neurologist,Nagercoil,23,9791965645,5
Dr. Divya Menon,Orthopedic,Nagercoil,11,7517691286,4
Dr. Priya Singh,Oncologist,Kanchipuram,8,7263801856,3.5
Dr. Siddharth Das,Urologist,Erode,11,7767418502,4
Dr. Ajay Nair,Oncologist,Pudukkottai,20,6275370958,5
Dr. Suresh Iyer,Pulmonologist,Vellore,8,7906560914,3.5
Dr. Sneha Rao,ENT Specialist,Karur,30,6360201117,5
Dr. Ramesh Kumar,Psychiatrist,Salem,9,6326548361,3.5
Dr. Ananya Das,Gastroenterologist,Sivakasi,21,7664486231,5
Dr. Pooja Patel,Dermatologist,Krishnagiri,33,8277430783,5
Dr. Ajay Rao,Orthopedic,Kanchipuram,33,9231514054,5
Dr. Arjun Patel,Cardiologist,Cuddalore,9,6092945046,3.5
Dr. Harish Rao,Endocrinologist,Madurai,13,7303695069,4
Dr. Sneha Gupta,ENT Specialist,Virudhunagar,29,7481410786,5
Dr. Arjun Rao,Rheumatologist,Pudukkottai,11,7211953513,4
Dr. Ajay Verma,Cardiologist,Krishnagiri,6,8884671053,3.5
Dr. Harish Singh,ENT Specialist,Dindigul,34,8767710716,5
Dr. Ananya Reddy,Pulmonologist,Virudhunagar,3,7071838009,3
Dr. Rajesh Reddy,ENT Specialist,Chennai,3,9015222744,3
Dr. Suresh Sharma,Orthopedic,Thanjavur,10,7641495582,4
Dr. Siddharth Sharma,Endocrinologist,Karur,20,8215036883,5
Dr. Suresh Patel,Endocrinologist,Kanchipuram,29,7103697637,5
Dr. Sneha Patel,Pediatrician,Sivakasi,9,9078280187,3.5
Dr. Divya Patel,Pulmonologist,Thanjavur,8,7364509054,3.5
Dr. Sneha Menon,Neurologist,Nagercoil,4,7127416417,3
Dr. Aditi Gupta,Psychiatrist,Pudukkottai,3,9926680841,3
Dr. Ananya Das,Dermatologist,Kanchipuram,12,7541733737,4
Dr. Harish Bose,Endocrinologist,Dindigul,33,8665202386,5
Dr. Priya Mishra,Rheumatologist,Salem,34,7244524934,5
Dr. Rajesh Gupta,Cardiologist,Krishnagiri,5,9538171629,3.5
Dr. Lakshmi Reddy,ENT Specialist,Madurai,23,8626057587,5
Dr. Pooja Menon,Psychiatrist,Pudukkottai,16,9079036156,4.5
Dr. Shreya Singh,Oncologist,Tirunelveli,34,7728065984,5
Dr. Pooja Gupta,Pediatrician,Virudhunagar,35,6100611312,5
Dr. Shreya Verma,Rheumatologist,Chennai,31,6143113518,5
Dr. Arjun Chopra,Gynecologist,Thanjavur,23,7671894591,5
Dr. Suresh Mishra,General Physician,Coimbatore,6,9541362427,3.5
Dr. Priya Verma,Psychiatrist,Cuddalore,10,8059648190,4
Dr. Aditi Das,General Physician,Karur,32,8392105776,5
Dr. Suresh Das,Dermatologist,Salem,34,9245945702,5
Dr. Harish Bose,Neurologist,Cuddalore,13,7723433789,4
Dr. Ananya Patel,Urologist,Virudhunagar,7,9512711539,3.5
Dr. Shreya Gupta,Dermatologist,Krishnagiri,22,6986932977,5
Dr. Divya Mishra,Orthopedic,Vellore,31,7359479961,5
Dr. Priya Bose,General Physician,Vellore,7,6144644493,3.5
Dr. Arjun Iyer,Gynecologist,Karur,11,9980120596,4
Dr. Vikram Verma,Endocrinologist,Pudukkottai,24,6723229983,5
Dr. Shreya Menon,Urologist,Nagercoil,19,7210134834,4.5
Dr. Neha Chopra,Gynecologist,Dindigul,34,7052161700,5
Dr. Harish Gupta,Psychiatrist,Vellore,9,6903926128,3.5
Dr. Vikram Iyer,Pediatrician,Vellore,8,9270645928,3.5
Dr. Ajay Das,General Physician,Madurai,19,8903252293,4.5
Dr. Siddharth Menon,Dermatologist,Coimbatore,20,9225282496,5
Dr. Harish Menon,Cardiologist,Pudukkottai,30,7533378378,5
Dr. Suresh Iyer,Neurologist,Kanchipuram,23,7778006185,5
Dr. Divya Iyer,Endocrinologist,Pudukkottai,18,7007917288,4.5
Dr. Ramesh Sharma,Pediatrician,Salem,12,6381046903,4
Dr. Naveen Kumar,Psychiatrist,Thoothukudi,24,8918056907,5
Dr. Vikram Gupta,General Physician,Sivakasi,25,7595364657,5
Dr. Aditi Rao,ENT Specialist,Thoothukudi,19,6509285522,4.5
Dr. Shreya Verma,Pulmonologist,Nagapattinam,33,6806788087,5
Dr. Meera Patel,Endocrinologist,Virudhunagar,33,8896366210,5
Dr. Arjun Rao,Gastroenterologist,Dindigul,15,7012676930,4.5
Dr. Aditi Iyer,Cardiologist,Madurai,21,6442922911,5
Dr. Ananya Reddy,ENT Specialist,Kanchipuram,7,8263600898,3.5
Dr. Divya Bose,Urologist,Nagercoil,3,7668152314,3
Dr. Pooja Verma,General Physician,Coimbatore,3,8390926459,3
Dr. Naveen Reddy,Neurologist,Nagercoil,16,6758371310,4.5
Dr. Naveen Reddy,Pediatrician,Thoothukudi,29,7424876076,5
Dr. Kiran Iyer,Gastroenterologist,Coimbatore,4,8357924576,3
Dr. Harish Patel,Psychiatrist,Sivakasi,24,7498514966,5
Dr. Suresh Bose,General Physician,Pudukkottai,10,7293902443,4
Dr. Shreya Nair,Orthopedic,Karur,34,7281125494,5
Dr. Harish Kumar,Gynecologist,Dindigul,22,9467385335,5
Dr. Siddharth Reddy,General Physician,Thoothukudi,15,8591453281,4.5
Dr. Meera Verma,Pulmonologist,Pudukkottai,6,7217599037,3.5
Dr. Suresh Gupta,General Physician,Pudukkottai,26,8880787711,5
Dr. Divya Gupta,Orthopedic,Tirunelveli,26,8909543652,5
Dr. Pooja Menon,Rheumatologist,Thanjavur,18,7505826398,4.5
Dr. Aditi Chopra,Rheumatologist,Karur,12,6765293987,4
Dr. Pooja Nair,Endocrinologist,Kanchipuram,33,7008455305,5
Dr. Vikram Sharma,Urologist,Krishnagiri,9,6377408530,3.5
Dr. Priya Gupta,Urologist,Thanjavur,20,6045372582,5
Dr. Meera Singh,Pediatrician,Sivakasi,20,7935527174,5
Dr. Vikram Verma,Dermatologist,Nagercoil,20,7026729903,5
Dr. Naveen Menon,Neurologist,Chennai,34,6196200911,5
Dr. Pooja Patel,Endocrinologist,Pudukkottai,13,8702893609,4
Dr. Arjun Reddy,Pulmonologist,Sivakasi,13,9393885583,4
Dr. Neha Chopra,Endocrinologist,Virudhunagar,31,9752036876,5
Dr. Naveen Verma,Neurologist,Krishnagiri,34,9029343948,5
Dr. Suresh Iyer,Cardiologist,Coimbatore,10,8708748318,4
Dr. Vikram Menon,Oncologist,Dindigul,32,8314743368,5
Dr. Siddharth Patel,Pediatrician,Tiruchirappalli,11,6557952968,4
Dr. Rajesh Nair,Psychiatrist,Krishnagiri,10,9529330747,4
Dr. Harish Bose,Cardiologist,Erode,12,9564353521,4
Dr. Neha Chopra,ENT Specialist,Thanjavur,5,9086649525,3.5
Dr. Lakshmi Kumar,Pediatrician,Tirunelveli,32,6649666789,5
Dr. Suresh Das,Oncologist,Pudukkottai,34,8821794122,5
Dr. Naveen Patel,Cardiologist,Salem,17,6551977309,4.5
Dr. Meera Chopra,ENT Specialist,Chennai,34,9212235567,5
Dr. Sneha Iyer,Dermatologist,Pudukkottai,8,9296629168,3.5
Dr. Aditi Iyer,Urologist,Salem,25,8546944610,5
Dr. Divya Kumar,Neurologist,Tiruchirappalli,25,6025673043,5
Dr. Neha Iyer,Cardiologist,Krishnagiri,18,7142181167,4.5
Dr. Meera Iyer,General Physician,Thanjavur,3,6785842055,3
Dr. Ramesh Iyer,Psychiatrist,Virudhunagar,21,8302957958,5
Dr. Ajay Mishra,ENT Specialist,Nagapattinam,3,6926003706,3
Dr. Neha Singh,Psychiatrist,Salem,18,8703577143,4.5
Dr. Sneha Das,Pulmonologist,Salem,21,9225394788,5
Dr. Neha Menon,ENT Specialist,Chennai,6,9435683099,3.5
Dr. Ramesh Nair,Gynecologist,Sivakasi,27,6370852560,5
Dr. Neha Sharma,Rheumatologist,Nagapattinam,7,7889233661,3.5
Dr. Naveen Mishra,Psychiatrist,Chennai,7,9867287828,3.5
Dr. Harish Das,Rheumatologist,Sivakasi,15,9656693526,4.5
Dr. Lakshmi Mishra,Rheumatologist,Sivakasi,4,6351596597,3
Dr. Meera Rao,Gynecologist,Pudukkottai,35,8992620026,5
Dr. Siddharth Iyer,Pulmonologist,Thanjavur,5,9649015539,3.5
Dr. Ananya Reddy,Gynecologist,Thanjavur,4,8134568220,3
Dr. Harish Chopra,Pulmonologist,Erode,7,6374489179,3.5
Dr. Lakshmi Iyer,Orthopedic,Madurai,13,9713262120,4
Dr. Naveen Mishra,Gastroenterologist,Kanchipuram,25,9860942545,5
Dr. Siddharth Reddy,Psychiatrist,Virudhunagar,7,6066088913,3.5
Dr. Naveen Kumar,Oncologist,Madurai,34,9791766765,5
Dr. Ramesh Singh,Endocrinologist,Tirunelveli,12,8843647494,4
Dr. Rajesh Das,General Physician,Nagapattinam,34,8221366492,5
Dr. Neha Menon,Cardiologist,Sivakasi,3,6875599872,3
Dr. Suresh Verma,Cardiologist,Kanchipuram,27,9695829344,5
Dr. Neha Verma,Cardiologist,Dindigul,9,6142136440,3.5
Dr. Harish Bose,Orthopedic,Dindigul,3,9083888659,3
Dr. Ajay Nair,Oncologist,Thanjavur,20,6907447571,5
Dr. Suresh Das,Cardiologist,Sivakasi,30,9580197199,5
Dr. Neha Verma,Psychiatrist,Thanjavur,30,7991923909,5
Dr. Priya Iyer,ENT Specialist,Coimbatore,7,6500584466,3.5
Dr. Ananya Reddy,Gynecologist,Pudukkottai,14,9630368989,4
Dr. Siddharth Nair,Dermatologist,Erode,5,7927205033,3.5
Dr. Shreya Rao,Pulmonologist,Pudukkottai,11,7757243933,4
Dr. Shreya Rao,ENT Specialist,Cuddalore,5,8799033576,3.5
Dr. Suresh Rao,Dermatologist,Tiruchirappalli,6,8273577516,3.5
Dr. Sneha Mishra,General Physician,Tiruchirappalli,30,6334598194,5
Dr. Meera Bose,Orthopedic,Kanchipuram,8,9543718812,3.5
Dr. Kiran Gupta,Gastroenterologist,Kanchipuram,18,6592761901,4.5
Dr. Arjun Nair,Endocrinologist,Virudhunagar,3,9906597054,3
Dr. Ajay Iyer,ENT Specialist,Tirunelveli,27,6860300916,5
Dr. Ananya Bose,Pediatrician,Virudhunagar,9,6475646548,3.5
Dr. Aditi Mishra,Rheumatologist,Erode,31,8602116609,5
Dr. Priya Verma,ENT Specialist,Tirunelveli,26,7473971823,5
Dr. Sneha Bose,Gynecologist,Karur,8,9353004950,3.5
Dr. Divya Rao,Psychiatrist,Pudukkottai,15,8749899012,4.5
Dr. Ramesh Iyer,Rheumatologist,Coimbatore,9,9836060698,3.5
Dr. Ajay Kumar,ENT Specialist,Tirunelveli,14,9743848088,4
Dr. Shreya Reddy,General Physician,Karur,25,6970491754,5
Dr. Ananya Mishra,Rheumatologist,Nagercoil,17,6878690069,4.5
Dr. Aditi Das,Urologist,Nagapattinam,15,6051275568,4.5
Dr. Siddharth Nair,Gastroenterologist,Pudukkottai,10,9493891224,4
Dr. Ajay Mishra,General Physician,Salem,22,6302190684,5
Dr. Meera Sharma,Urologist,Coimbatore,21,6902178623,5
Dr. Shreya Nair,Gastroenterologist,Erode,32,7462098539,5
Dr. Suresh Mishra,Orthopedic,Nagercoil,23,9919781868,5
Dr. Lakshmi Chopra,Orthopedic,Tirunelveli,7,9633899238,3.5
Dr. Ajay Sharma,Gastroenterologist,Tirunelveli,28,7173272595,5
Dr. Sneha Bose,Gastroenterologist,Madurai,25,6913416387,5
Dr. Ajay Chopra,Cardiologist,Thanjavur,4,6915741867,3
Dr. Sneha Reddy,Pediatrician,Tirunelveli,27,8966766800,5
Dr. Pooja Mishra,Endocrinologist,Madurai,28,9213064059,5
Dr. Arjun Patel,Dermatologist,Erode,29,6124547115,5
Dr. Ramesh Gupta,Gastroenterologist,Karur,34,6119727558,5
Dr. Arjun Menon,General Physician,Virudhunagar,16,8804235309,4.5
Dr. Ananya Verma,Endocrinologist,Vellore,23,7707398531,5
Dr. Shreya Bose,Rheumatologist,Coimbatore,33,9205385948,5
Dr. Naveen Iyer,Gastroenterologist,Sivakasi,7,8731649883,3.5
Dr. Rajesh Menon,Urologist,Krishnagiri,10,8958850873,4
Dr. Aditi Kumar,Oncologist,Tirunelveli,16,8166778378,4.5
Dr. Meera Rao,General Physician,Coimbatore,17,9487837404,4.5
Dr. Naveen Verma,Psychiatrist,Thanjavur,28,9595670680,5
Dr. Meera Reddy,Urologist,Dindigul,9,6773148656,3.5
Dr. Siddharth Rao,Neurologist,Vellore,9,9579044844,3.5
Dr. Aditi Mishra,Cardiologist,Cuddalore,5,8692683651,3.5
Dr. Aditi Reddy,Oncologist,Thanjavur,25,9793495841,5
Dr. Kiran Sharma,Neurologist,Erode,18,6464661560,4.5
Dr. Meera Singh,Urologist,Nagercoil,30,6793871136,5
Dr. Naveen Verma,Orthopedic,Sivakasi,12,9910292272,4
Dr. Divya Verma,Endocrinologist,Cuddalore,24,8623963767,5
Dr. Priya Rao,Urologist,Karur,14,8003873373,4
Dr. Kiran Reddy,Psychiatrist,Nagapattinam,21,9425910471,5
Dr. Neha Menon,Psychiatrist,Karur,33,8113005116,5
Dr. Vikram Das,Pediatrician,Chennai,21,7599495262,5
Dr. Divya Chopra,Oncologist,Karur,11,7407426150,4
Dr. Siddharth Reddy,Oncologist,Thoothukudi,32,9132595755,5
Dr. Lakshmi Iyer,Cardiologist,Erode,35,7353833450,5
Dr. Vikram Sharma,ENT Specialist,Thoothukudi,11,8158009216,4
Dr. Priya Bose,Gynecologist,Thanjavur,22,7539933459,5
Dr. Ajay Verma,Endocrinologist,Cuddalore,22,6373567242,5
Dr. Harish Singh,Psychiatrist,Dindigul,27,7467448995,5
Dr. Harish Mishra,Gastroenterologist,Tirunelveli,31,9465571858,5
Dr. Aditi Iyer,Gynecologist,Nagapattinam,28,8425590241,5
Dr. Siddharth Verma,Gastroenterologist,Thoothukudi,8,9833046813,3.5
Dr. Lakshmi Verma,Orthopedic,Karur,4,8223089866,3
Dr. Priya Nair,Oncologist,Virudhunagar,15,8060640911,4.5
Dr. Lakshmi Das,General Physician,Thoothukudi,10,6156615381,4
Dr. Siddharth Bose,Pulmonologist,Coimbatore,5,6499475723,3.5
Dr. Naveen Gupta,Cardiologist,Tirunelveli,9,9680647449,3.5
Dr. Rajesh Reddy,Gastroenterologist,Cuddalore,11,6603390720,4
Dr. Aditi Das,Rheumatologist,Erode,18,8127634497,4.5
Dr. Rajesh Chopra,Orthopedic,Nagercoil,21,6961329754,5
Dr. Ananya Das,General Physician,Thoothukudi,6,9355637944,3.5
Dr. Shreya Menon,ENT Specialist,Erode,35,8415352018,5
Dr. Priya Patel,Pulmonologist,Krishnagiri,14,8830207203,4
Dr. Naveen Iyer,ENT Specialist,Vellore,13,7661752390,4
Dr. Aditi Rao,Pulmonologist,Coimbatore,35,8694776566,5
Dr. Priya Iyer,Dermatologist,Sivakasi,29,8329298443,5
Dr. Sneha Patel,Oncologist,Erode,5,8610932728,3.5
Dr. Suresh Rao,Pulmonologist,Sivakasi,22,8362460655,5
Dr. Divya Kumar,Rheumatologist,Erode,11,8841886114,4
Dr. Pooja Bose,Rheumatologist,Thanjavur,15,6696168420,4.5
Dr. Priya Rao,Rheumatologist,Coimbatore,17,9459923016,4.5
Dr. Naveen Kumar,Pulmonologist,Virudhunagar,31,7642016600,5
Dr. Sneha Verma,Gynecologist,Thoothukudi,6,6164102413,3.5
Dr. Pooja Rao,Urologist,Thoothukudi,15,7286517944,4.5
Dr. Suresh Singh,Pediatrician,Pudukkottai,23,6372355507,5
Dr. Rajesh Das,Psychiatrist,Salem,5,9237236999,3.5
Dr. Kiran Iyer,Pulmonologist,Sivakasi,17,6161612404,4.5
Dr. Arjun Bose,Endocrinologist,Salem,7,6786913752,3.5
Dr. Siddharth Singh,Psychiatrist,Erode,15,6257259824,4.5
Dr. Ajay Bose,Oncologist,Madurai,32,9444879061,5
Dr. Rajesh Menon,Dermatologist,Madurai,5,6031273239,3.5
Dr. Suresh Bose,Gastroenterologist,Karur,19,9500006713,4.5
Dr. Aditi Rao,Cardiologist,Erode,24,9040307727,5
Dr. Ajay Sharma,Psychiatrist,Karur,35,8342090670,5
Dr. Shreya Bose,Dermatologist,Vellore,31,6394746660,5
Dr. Ramesh Chopra,Gastroenterologist,Vellore,14,8977183350,4
Dr. Sneha Patel,Gynecologist,Salem,10,8631510782,4
Dr. Priya Bose,Urologist,Chennai,6,9864925116,3.5
Dr. Shreya Reddy,Neurologist,Thanjavur,32,6164381177,5
Dr. Aditi Nair,Rheumatologist,Tirunelveli,25,6871496857,5
Dr. Aditi Reddy,Pulmonologist,Krishnagiri,16,8876722096,4.5
Dr. Divya Patel,Cardiologist,Sivakasi,34,6046123975,5
Dr. Vikram Chopra,Gastroenterologist,Tirunelveli,16,9125162640,4.5
Dr. Pooja Nair,Orthopedic,Sivakasi,21,7091925196,5
Dr. Naveen Bose,Cardiologist,Nagapattinam,29,7677634514,5
Dr. Siddharth Das,Oncologist,Salem,27,7439522461,5
Dr. Rajesh Chopra,Pediatrician,Dindigul,15,6560831994,4.5
Dr. Shreya Iyer,Pulmonologist,Tirunelveli,21,6551092712,5
Dr. Kiran Chopra,Pulmonologist,Nagercoil,13,7233132124,4
Dr. Shreya Verma,Orthopedic,Karur,29,9505753257,5
Dr. Shreya Chopra,Dermatologist,Dindigul,10,9309850954,4
Dr. Kiran Singh,Gynecologist,Erode,22,7544804991,5
Dr. Sneha Verma,Pulmonologist,Karur,15,9780348790,4.5
Dr. Meera Verma,ENT Specialist,Nagercoil,6,8739719552,3.5
Dr. Divya Menon,Pediatrician,Nagapattinam,30,7319495352,5
Dr. Sneha Verma,ENT Specialist,Pudukkottai,17,6427177462,4.5
Dr. Arjun Chopra,General Physician,Pudukkottai,34,7943398063,5
Dr. Priya Bose,Psychiatrist,Nagapattinam,27,8116857420,5
Dr. Harish Patel,Rheumatologist,Nagapattinam,23,9879398036,5
Dr. Naveen Kumar,Pulmonologist,Tiruchirappalli,26,9525811711,5
Dr. Siddharth Kumar,Rheumatologist,Chennai,23,8957027585,5
Dr. Ramesh Iyer,General Physician,Virudhunagar,17,7591789365,4.5
Dr. Meera Das,General Physician,Tirunelveli,16,7315799211,4.5
Dr. Neha Menon,Dermatologist,Karur,8,8282604900,3.5
Dr. Sneha Rao,Rheumatologist,Tirunelveli,8,7163959124,3.5
Dr. Ajay Gupta,Endocrinologist,Salem,26,6476214188,5
Dr. Aditi Menon,Oncologist,Nagapattinam,9,9941014356,3.5
Dr. Ananya Reddy,General Physician,Nagercoil,35,7548614722,5
Dr. Pooja Bose,Neurologist,Karur,23,7546586507,5
Dr. Ananya Kumar,Pediatrician,Madurai,11,8437961297,4
Dr. Naveen Mishra,Pediatrician,Erode,4,8295379472,3
Dr. Aditi Gupta,Gynecologist,Karur,17,9625653955,4.5
Dr. Sneha Reddy,Endocrinologist,Erode,21,6122948466,5
Dr. Rajesh Patel,General Physician,Tiruchirappalli,26,6213547264,5
Dr. Ananya Chopra,Orthopedic,Thoothukudi,26,6819951699,5
Dr. Priya Rao,Cardiologist,Vellore,9,9519337341,3.5
Dr. Shreya Verma,Pediatrician,Coimbatore,7,7382781525,3.5
Dr. Ananya Sharma,Cardiologist,Karur,5,7045511013,3.5
Dr. Siddharth Sharma,Dermatologist,Erode,9,9640862634,3.5
Dr. Aditi Gupta,Oncologist,Virudhunagar,12,9096685246,4
Dr. Lakshmi Patel,General Physician,Cuddalore,23,8632228442,5
Dr. Siddharth Singh,Oncologist,Thanjavur,32,8207969134,5
Dr. Sneha Sharma,Urologist,Dindigul,12,7468148159,4
Dr. Sneha Patel,Pediatrician,Dindigul,13,6358628588,4
Dr. Ramesh Verma,Gastroenterologist,Salem,33,9164771470,5
Dr. Naveen Reddy,Endocrinologist,Virudhunagar,15,8549600085,4.5
Dr. Divya Mishra,Neurologist,Vellore,17,8987295008,4.5
Dr. Sneha Rao,ENT Specialist,Thoothukudi,17,7087670516,4.5
Dr. Ajay Menon,General Physician,Karur,33,7879618083,5
Dr. Rajesh Mishra,Endocrinologist,Salem,7,7726070247,3.5
Dr. Siddharth Iyer,ENT Specialist,Madurai,17,7395430365,4.5
Dr. Ramesh Patel,Urologist,Krishnagiri,22,7694003820,5
Dr. Ajay Gupta,Urologist,Cuddalore,29,7468401838,5
Dr. Rajesh Bose,Cardiologist,Thoothukudi,4,9904048478,3
Dr. Kiran Rao,Pediatrician,Vellore,21,9234999962,5
Dr. Priya Menon,General Physician,Thanjavur,23,8596815953,5
Dr. Divya Kumar,Pediatrician,Nagapattinam,13,9272951131,4
Dr. Siddharth Kumar,Dermatologist,Tiruchirappalli,32,9421532378,5
Dr. Divya Iyer,Oncologist,Dindigul,30,9253566527,5
Dr. Lakshmi Kumar,Rheumatologist,Krishnagiri,11,6555410005,4
Dr. Arjun Bose,Rheumatologist,Tiruchirappalli,13,7763849826,4
Dr. Pooja Rao,Neurologist,Virudhunagar,34,6900322754,5
Dr. Meera Mishra,Cardiologist,Coimbatore,12,9665041345,4
Dr. Aditi Reddy,Pediatrician,Thoothukudi,3,8670826785,3
Dr. Shreya Nair,Pulmonologist,Dindigul,31,8903820787,5
Dr. Rajesh Bose,Endocrinologist,Chennai,23,6991412377,5
Dr. Meera Reddy,Urologist,Dindigul,15,7684196839,4.5
Dr. Neha Das,Endocrinologist,Nagapattinam,25,8497191803,5
Dr. Neha Kumar,Urologist,Krishnagiri,17,6674453245,4.5
Dr. Sneha Sharma,Gastroenterologist,Kanchipuram,21,7942879481,5
Dr. Naveen Patel,Oncologist,Kanchipuram,8,7162947720,3.5
Dr. Neha Nair,Orthopedic,Erode,8,8907855113,3.5
Dr. Neha Singh,Neurologist,Sivakasi,21,8424413727,5
Dr. Shreya Bose,Rheumatologist,Pudukkottai,16,9113395890,4.5
Dr. Ramesh Kumar,Gynecologist,Tirunelveli,30,8461377737,5
Dr. Kiran Iyer,Urologist,Thoothukudi,35,8912527898,5
Dr. Harish Menon,Endocrinologist,Kanchipuram,18,9166528243,4.5
Dr. Naveen Rao,Cardiologist,Nagapattinam,33,7234914851,5
Dr. Ajay Menon,Dermatologist,Karur,17,7770916263,4.5
Dr. Suresh Kumar,Endocrinologist,Cuddalore,34,9265163724,5
Dr. Lakshmi Sharma,Neurologist,Salem,22,7006927924,5
Dr. Lakshmi Das,Oncologist,Sivakasi,26,8419466547,5
Dr. Ramesh Kumar,Gastroenterologist,Dindigul,8,7637374106,3.5
Dr. Vikram Das,Endocrinologist,Sivakasi,8,7060610571,3.5
Dr. Neha Sharma,Pediatrician,Cuddalore,25,8671640361,5
Dr. Shreya Sharma,ENT Specialist,Tirunelveli,33,7873842760,5
Dr. Pooja Iyer,Endocrinologist,Coimbatore,32,8816790919,5
Dr. Rajesh Mishra,Oncologist,Pudukkottai,15,7420976491,4.5
Dr. Suresh Sharma,Rheumatologist,Kanchipuram,33,6168996034,5
Dr. Suresh Iyer,Endocrinologist,Virudhunagar,28,7774731092,5
Dr. Naveen Menon,Cardiologist,Madurai,15,6542274110,4.5
Dr. Lakshmi Nair,Rheumatologist,Kanchipuram,32,9466897052,5
Dr. Naveen Verma,Gastroenterologist,Dindigul,14,6845179690,4
Dr. Harish Reddy,Orthopedic,Chennai,13,8495466958,4
Dr. Neha Mishra,Psychiatrist,Sivakasi,26,9401617121,5
Dr. Neha Patel,Orthopedic,Krishnagiri,17,8382301176,4.5
Dr. Priya Sharma,Psychiatrist,Vellore,31,7995653990,5
Dr. Vikram Sharma,General Physician,Virudhunagar,27,7193444993,5
Dr. Vikram Iyer,Oncologist,Tiruchirappalli,26,7802205238,5
Dr. Ajay Nair,Orthopedic,Sivakasi,31,7985425552,5
Dr. Lakshmi Reddy,Urologist,Karur,35,7549815408,5
Dr. Harish Singh,ENT Specialist,Karur,27,6339430465,5
Dr. Lakshmi Mishra,Orthopedic,Nagapattinam,25,8364787214,5
Dr. Sneha Iyer,Endocrinologist,Virudhunagar,28,8294214147,5
Dr. Ajay Singh,Urologist,Nagapattinam,10,7707079914,4
Dr. Aditi Chopra,Orthopedic,Krishnagiri,3,7051522671,3
Dr. Aditi Kumar,Pediatrician,Cuddalore,7,7406063420,3.5
Dr. Sneha Rao,Oncologist,Virudhunagar,27,7187782877,5
Dr. Shreya Chopra,Orthopedic,Erode,14,7402095619,4
Dr. Naveen Bose,Pulmonologist,Nagapattinam,27,9342729713,5
Dr. Rajesh Mishra,ENT Specialist,Thanjavur,7,7147043012,3.5
Dr. Divya Gupta,ENT Specialist,Thanjavur,19,9589475409,4.5
Dr. Vikram Mishra,Pediatrician,Salem,30,9682485996,5
Dr. Vikram Verma,Gynecologist,Pudukkottai,28,8436135209,5
Dr. Harish Bose,Cardiologist,Krishnagiri,10,7480382569,4
Dr. Siddharth Singh,Gynecologist,Erode,27,8732116154,5
Dr. Aditi Singh,Rheumatologist,Chennai,11,9158149501,4
Dr. Ananya Verma,Gastroenterologist,Salem,24,8354383363,5
Dr. Ajay Mishra,General Physician,Nagapattinam,33,7320657045,5
Dr. Ananya Kumar,Gynecologist,Nagercoil,11,6987635326,4
Dr. Suresh Sharma,Rheumatologist,Chennai,22,7392615840,5
Dr. Kiran Gupta,Gastroenterologist,Pudukkottai,18,9636598654,4.5
Dr. Suresh Kumar,Gastroenterologist,Thanjavur,16,7697388386,4.5
Dr. Aditi Menon,Rheumatologist,Erode,35,6789212398,5
Dr. Suresh Bose,General Physician,Madurai,31,9079923212,5
Dr. Suresh Singh,Pulmonologist,Cuddalore,5,9179192923,3.5
Dr. Suresh Reddy,ENT Specialist,Pudukkottai,6,7490870679,3.5
Dr. Ananya Reddy,Orthopedic,Cuddalore,11,8834293894,4
Dr. Vikram Nair,Endocrinologist,Tirunelveli,21,6488248246,5
Dr. Naveen Das,Cardiologist,Tiruchirappalli,8,7171753456,3.5
Dr. Sneha Mishra,ENT Specialist,Chennai,16,9500718710,4.5
Dr. Kiran Rao,Orthopedic,Salem,3,7754072212,3
Dr. Priya Chopra,Gynecologist,Madurai,4,6583023034,3
Dr. Meera Sharma,Cardiologist,Erode,34,8320314281,5
Dr. Vikram Rao,Urologist,Sivakasi,5,8716935914,3.5
Dr. Sneha Rao,Gynecologist,Kanchipuram,22,6384755069,5
Dr. Siddharth Patel,Orthopedic,Thoothukudi,13,9093175562,4
Dr. Meera Menon,Dermatologist,Nagapattinam,11,8802617796,4
Dr. Priya Mishra,Orthopedic,Virudhunagar,18,9268184241,4.5
Dr. Kiran Rao,Pulmonologist,Krishnagiri,34,8051203515,5
Dr. Priya Chopra,Psychiatrist,Tiruchirappalli,25,8667566595,5
Dr. Aditi Chopra,Cardiologist,Thanjavur,26,6415965775,5
Dr. Sneha Kumar,Pulmonologist,Salem,12,6629272296,4
Dr. Suresh Rao,Cardiologist,Vellore,6,9088369643,3.5
Dr. Divya Das,Pulmonologist,Salem,31,9639350142,5
Dr. Aditi Rao,General Physician,Kanchipuram,11,9760085774,4
Dr. Pooja Menon,Neurologist,Sivakasi,23,8622420886,5
Dr. Sneha Singh,Endocrinologist,Nagercoil,7,6019411632,3.5
Dr. Aditi Iyer,Gynecologist,Thanjavur,31,6205218409,5
Dr. Ramesh Menon,General Physician,Kanchipuram,8,9585877608,3.5
Dr. Kiran Patel,Orthopedic,Krishnagiri,28,9055768445,5
Dr. Aditi Nair,Urologist,Nagercoil,16,6411333500,4.5
Dr. Rajesh Iyer,Pediatrician,Krishnagiri,22,8762199347,5
Dr. Pooja Rao,Orthopedic,Tiruchirappalli,9,8654567816,3.5
Dr. Aditi Kumar,Gynecologist,Karur,30,6735134199,5
Dr. Kiran Nair,Dermatologist,Virudhunagar,19,6737527648,4.5
Dr. Ramesh Menon,Pediatrician,Vellore,22,8013082830,5
Dr. Ramesh Das,Dermatologist,Thanjavur,4,8581781168,3
Dr. Aditi Bose,Orthopedic,Thoothukudi,29,9591972303,5
Dr. Priya Singh,Pediatrician,Kanchipuram,32,9261289577,5
Dr. Harish Nair,Gastroenterologist,Sivakasi,3,7863826329,3
Dr. Rajesh Nair,Rheumatologist,Sivakasi,10,8128873368,4
Dr. Aditi Mishra,General Physician,Coimbatore,7,6262468783,3.5
Dr. Ananya Sharma,Orthopedic,Chennai,6,7083931498,3.5
Dr. Naveen Mishra,Rheumatologist,Pudukkottai,34,6020940027,5
Dr. Aditi Chopra,Pulmonologist,Sivakasi,4,9703161007,3
Dr. Neha Chopra,Rheumatologist,Tirunelveli,26,6448832018,5
Dr. Siddharth Menon,Rheumatologist,Nagercoil,10,7550494463,4
Dr. Sneha Chopra,Rheumatologist,Thanjavur,4,7722108197,3
Dr. Aditi Iyer,ENT Specialist,Karur,35,9515749948,5
Dr. Kiran Verma,Pulmonologist,Chennai,3,9176177568,3
Dr. Ananya Nair,Oncologist,Cuddalore,33,9568377548,5
Dr. Pooja Menon,Cardiologist,Chennai,8,6328417893,3.5
Dr. Ananya Iyer,Rheumatologist,Krishnagiri,12,8561191923,4
Dr. Naveen Gupta,Oncologist,Salem,15,8987376786,4.5
Dr. Ajay Chopra,Oncologist,Salem,33,7843317396,5
Dr. Priya Chopra,General Physician,Vellore,30,9046788650,5
Dr. Kiran Kumar,Endocrinologist,Nagapattinam,27,7429399773,5
Dr. Naveen Iyer,Dermatologist,Erode,4,6452336700,3
Dr. Siddharth Das,General Physician,Nagapattinam,29,9488495042,5
Dr. Ananya Gupta,Gynecologist,Kanchipuram,8,6914526358,3.5
Dr. Meera Singh,Pulmonologist,Chennai,33,9552152584,5
Dr. Ajay Gupta,Psychiatrist,Karur,15,6521444960,4.5
Dr. Vikram Iyer,Rheumatologist,Nagercoil,26,8601008557,5
Dr. Pooja Rao,Urologist,Coimbatore,24,7228492612,5
Dr. Meera Patel,Gynecologist,Thanjavur,10,6463466822,4
Dr. Ramesh Kumar,Gynecologist,Krishnagiri,25,7491005393,5
Dr. Neha Singh,Gynecologist,Nagapattinam,22,8416098650,5
Dr. Naveen Bose,General Physician,Kanchipuram,14,6487543937,4
Dr. Lakshmi Chopra,Oncologist,Krishnagiri,18,7712626860,4.5
Dr. Rajesh Iyer,Pediatrician,Tirunelveli,3,6267374913,3
Dr. Divya Iyer,Neurologist,Cuddalore,18,6399257203,4.5
Dr. Lakshmi Iyer,ENT Specialist,Karur,27,8443122194,5
Dr. Pooja Mishra,Pediatrician,Thoothukudi,12,7655297655,4
Dr. Naveen Nair,Oncologist,Krishnagiri,18,6460152423,4.5
Dr. Sneha Kumar,Pulmonologist,Erode,5,9663177161,3.5
Dr. Aditi Singh,Neurologist,Tirunelveli,8,8605813961,3.5
Dr. Naveen Kumar,Gynecologist,Coimbatore,27,7980204619,5
Dr. Aditi Das,Psychiatrist,Kanchipuram,14,7250621157,4
Dr. Suresh Das,Urologist,Thanjavur,3,9138733107,3
Dr. Naveen Kumar,Pediatrician,Krishnagiri,27,8743430073,5
Dr. Pooja Reddy,Gynecologist,Karur,22,9756708354,5
Dr. Siddharth Menon,Psychiatrist,Erode,20,9623877783,5
Dr. Sneha Reddy,Rheumatologist,Cuddalore,34,9189379206,5
Dr. Suresh Iyer,Pediatrician,Nagapattinam,7,8036963277,3.5
Dr. Shreya Chopra,Dermatologist,Tirunelveli,15,9279628732,4.5
Dr. Rajesh Das,Gynecologist,Tiruchirappalli,18,9971183249,4.5
Dr. Sneha Singh,ENT Specialist,Krishnagiri,18,7676073968,4.5
Dr. Ajay Das,Psychiatrist,Salem,24,9618082075,5
Dr. Aditi Mishra,Oncologist,Cuddalore,11,7542156193,4
Dr. Rajesh Rao,Dermatologist,Sivakasi,11,9678265895,4
Dr. Rajesh Singh,Neurologist,Kanchipuram,26,8492473995,5
Dr. Naveen Reddy,General Physician,Nagapattinam,8,8673735104,3.5
Dr. Divya Patel,Gynecologist,Chennai,32,7040966803,5
Dr. Vikram Iyer,Orthopedic,Tiruchirappalli,9,6401537385,3.5
Dr. Ananya Sharma,General Physician,Krishnagiri,14,6419727711,4
Dr. Aditi Singh,Urologist,Tiruchirappalli,9,6404006498,3.5
Dr. Rajesh Bose,Gynecologist,Kanchipuram,26,7979785982,5
Dr. Shreya Sharma,Pulmonologist,Krishnagiri,20,9512541423,5
Dr. Vikram Iyer,ENT Specialist,Thanjavur,22,7066741164,5
Dr. Divya Rao,Pulmonologist,Cuddalore,30,9524653446,5
Dr. Priya Kumar,ENT Specialist,Sivakasi,31,8360310375,5
Dr. Priya Gupta,Pediatrician,Salem,30,6518472624,5
Dr. Vikram Verma,ENT Specialist,Nagapattinam,33,7477243786,5
Dr. Divya Kumar,Dermatologist,Virudhunagar,33,6815191661,5
Dr. Harish Patel,Oncologist,Dindigul,23,8958449379,5
Dr. Kiran Kumar,Oncologist,Vellore,4,8878074156,3
Dr. Divya Reddy,Dermatologist,Sivakasi,19,7859396152,4.5
Dr. Siddharth Iyer,Orthopedic,Coimbatore,27,6635252095,5
Dr. Priya Gupta,Dermatologist,Thoothukudi,4,9860324485,3
Dr. Shreya Bose,Oncologist,Pudukkottai,10,7475308898,4
Dr. Suresh Gupta,Cardiologist,Coimbatore,11,6835169538,4
Dr. Arjun Bose,Oncologist,Cuddalore,24,9105349568,5
Dr. Pooja Chopra,ENT Specialist,Vellore,18,9758287882,4.5
Dr. Ramesh Nair,Endocrinologist,Dindigul,30,7926774138,5
Dr. Aditi Patel,Gynecologist,Erode,23,8058074250,5
Dr. Neha Chopra,Neurologist,Tiruchirappalli,21,9874915851,5
Dr. Kiran Singh,Orthopedic,Thanjavur,19,9914059884,4.5
Dr. Arjun Nair,Gynecologist,Virudhunagar,31,7397873832,5
Dr. Harish Chopra,Oncologist,Pudukkottai,25,7618458066,5
Dr. Divya Das,Psychiatrist,Cuddalore,12,8821382533,4
Dr. Rajesh Menon,ENT Specialist,Salem,19,9518903992,4.5
Dr. Naveen Singh,Pediatrician,Nagercoil,24,6169217543,5
Dr. Kiran Mishra,Gastroenterologist,Tiruchirappalli,20,9314639109,5
Dr. Suresh Reddy,Endocrinologist,Krishnagiri,9,6716387565,3.5
Dr. Arjun Chopra,Rheumatologist,Cuddalore,9,8069499253,3.5
Dr. Ananya Menon,Orthopedic,Cuddalore,10,9710560607,4
Dr. Ananya Patel,Oncologist,Virudhunagar,29,9655525859,5
Dr. Pooja Patel,Pediatrician,Sivakasi,10,8812402484,4
Dr. Ramesh Reddy,Gynecologist,Thoothukudi,7,6947625904,3.5
Dr. Meera Nair,Dermatologist,Nagapattinam,26,6327394976,5
Dr. Ramesh Verma,Rheumatologist,Dindigul,9,7256318387,3.5
Dr. Arjun Chopra,Psychiatrist,Krishnagiri,28,6880382542,5
Dr. Ramesh Kumar,Pediatrician,Madurai,33,9061786482,5
Dr. Vikram Chopra,Orthopedic,Virudhunagar,14,8348499475,4
Dr. Suresh Verma,Neurologist,Salem,10,6196696031,4
Dr. Priya Patel,Orthopedic,Vellore,25,7477685757,5
Dr. Harish Chopra,Psychiatrist,Madurai,19,8811070350,4.5
Dr. Rajesh Singh,Pediatrician,Pudukkottai,22,8592350140,5
Dr. Ramesh Kumar,Endocrinologist,Krishnagiri,7,9751193558,3.5
Dr. Lakshmi Menon,ENT Specialist,Vellore,21,8315455505,5
Dr. Pooja Das,Neurologist,Karur,35,6546850902,5
Dr. Siddharth Patel,Pediatrician,Krishnagiri,11,8692004076,4
Dr. Harish Chopra,Orthopedic,Salem,19,8492413421,4.5
Dr. Meera Das,ENT Specialist,Pudukkottai,20,6213931612,5
Dr. Kiran Menon,Neurologist,Madurai,9,8764737703,3.5
Dr. Siddharth Menon,Dermatologist,Tirunelveli,7,8187289869,3.5
Dr. Divya Menon,Urologist,Vellore,34,8459250559,5
Dr. Naveen Patel,Cardiologist,Vellore,19,9424107599,4.5
Dr. Ramesh Singh,Dermatologist,Sivakasi,4,6042501907,3
Dr. Aditi Rao,Rheumatologist,Nagapattinam,8,7735158826,3.5
Dr. Naveen Iyer,Rheumatologist,Nagapattinam,15,7917895699,4.5
Dr. Siddharth Menon,Endocrinologist,Erode,10,7122352855,4
Dr. Arjun Gupta,Pulmonologist,Virudhunagar,20,6060063987,5
Dr. Siddharth Menon,Urologist,Coimbatore,18,9253712142,4.5
Dr. Vikram Sharma,Orthopedic,Cuddalore,5,9769562959,3.5
Dr. Ananya Verma,Neurologist,Chennai,19,8359745988,4.5
Dr. Harish Patel,General Physician,Salem,22,7371677352,5
Dr. Priya Gupta,Endocrinologist,Krishnagiri,35,8827122071,5
Dr. Meera Sharma,Neurologist,Kanchipuram,24,8000349006,5
Dr. Harish Patel,Gynecologist,Krishnagiri,16,6954955262,4.5
Dr. Ajay Gupta,Pulmonologist,Chennai,4,8078949174,3
Dr. Neha Sharma,Cardiologist,Thanjavur,3,6555949180,3
Dr. Suresh Verma,Psychiatrist,Vellore,19,6454211063,4.5
Dr. Ananya Chopra,Orthopedic,Madurai,31,9587553212,5
Dr. Naveen Singh,Psychiatrist,Salem,11,9401550963,4
Dr. Harish Iyer,ENT Specialist,Salem,12,8205540970,4
Dr. Divya Patel,Cardiologist,Tirunelveli,12,9918512903,4
Dr. Divya Singh,Gastroenterologist,Tiruchirappalli,16,6039695291,4.5
Dr. Rajesh Kumar,Endocrinologist,Krishnagiri,26,8853534898,5
Dr. Ajay Patel,ENT Specialist,Tirunelveli,16,7545012163,4.5
Dr. Arjun Iyer,Psychiatrist,Dindigul,35,7430145055,5
Dr. Siddharth Reddy,Orthopedic,Dindigul,30,8500923390,5
Dr. Suresh Das,Rheumatologist,Thanjavur,24,7571198870,5
Dr. Rajesh Nair,Rheumatologist,Vellore,32,9674259606,5
Dr. Vikram Sharma,Pediatrician,Virudhunagar,5,7267304399,3.5
Dr. Arjun Kumar,ENT Specialist,Dindigul,32,7785193827,5
Dr. Ananya Rao,General Physician,Salem,35,7302771382,5
Dr. Ajay Verma,Gastroenterologist,Dindigul,20,8512286649,5
Dr. Suresh Verma,Pediatrician,Tirunelveli,11,6690850429,4
Dr. Siddharth Reddy,Dermatologist,Cuddalore,33,7481786154,5
Dr. Siddharth Singh,Gynecologist,Dindigul,18,9654470288,4.5
Dr. Suresh Rao,ENT Specialist,Salem,19,7056181116,4.5
Dr. Arjun Patel,General Physician,Tirunelveli,32,7634480894,5
Dr. Ananya Kumar,General Physician,Pudukkottai,3,7303233140,3
Dr. Sneha Nair,Gynecologist,Chennai,34,9810463026,5
Dr. Priya Gupta,Dermatologist,Chennai,23,9705456383,5
Dr. Kiran Singh,Endocrinologist,Krishnagiri,32,9079523128,5
Dr. Rajesh Kumar,Neurologist,Tirunelveli,23,8438549217,5
Dr. Siddharth Chopra,General Physician,Tirunelveli,24,6557580519,5
Dr. Neha Rao,General Physician,Krishnagiri,35,7711294322,5
Dr. Ajay Das,Cardiologist,Tiruchirappalli,32,9040789603,5
Dr. Ramesh Iyer,Pulmonologist,Karur,17,6647529106,4.5
Dr. Harish Chopra,ENT Specialist,Tirunelveli,4,9971431554,3
Dr. Ramesh Bose,Pediatrician,Thanjavur,8,9927868861,3.5
Dr. Ajay Verma,Pulmonologist,Nagercoil,16,7407346724,4.5
Dr. Neha Gupta,Gastroenterologist,Coimbatore,29,8509042998,5
Dr. Meera Mishra,ENT Specialist,Vellore,25,6549535724,5
Dr. Ramesh Kumar,Dermatologist,Vellore,31,9849531640,5
Dr. Ananya Das,Psychiatrist,Nagercoil,19,6156324223,4.5
Dr. Harish Nair,Gastroenterologist,Nagercoil,9,9396628357,3.5
Dr. Harish Chopra,Dermatologist,Nagapattinam,26,9270476766,5
Dr. Harish Chopra,Gynecologist,Virudhunagar,33,9060032220,5
Dr. Ramesh Patel,Cardiologist,Nagercoil,31,8790761930,5
Dr. Divya Rao,General Physician,Nagapattinam,19,6985688851,4.5
Dr. Vikram Reddy,Rheumatologist,Sivakasi,17,7234673935,4.5
Dr. Suresh Iyer,Endocrinologist,Kanchipuram,4,7876945171,3
Dr. Harish Sharma,Psychiatrist,Vellore,18,9570729311,4.5
Dr. Aditi Menon,Urologist,Sivakasi,27,9891341002,5
Dr. Kiran Verma,ENT Specialist,Tiruchirappalli,23,8483749618,5
Dr. Meera Gupta,Gynecologist,Erode,28,6005632433,5
Dr. Shreya Chopra,Neurologist,Virudhunagar,11,7879788151,4
Dr. Kiran Mishra,Dermatologist,Vellore,15,8708069143,4.5
Dr. Harish Rao,Pediatrician,Tirunelveli,30,7339775387,5
Dr. Siddharth Chopra,Psychiatrist,Tirunelveli,9,8950236710,3.5
Dr. Lakshmi Sharma,Orthopedic,Pudukkottai,24,6132774378,5
Dr. Meera Gupta,Pulmonologist,Virudhunagar,27,7532725658,5
Dr. Priya Reddy,Neurologist,Nagercoil,13,9241777863,4
Dr. Neha Rao,Psychiatrist,Sivakasi,15,9094350575,4.5
Dr. Shreya Singh,Endocrinologist,Nagapattinam,25,7994128185,5
Dr. Siddharth Rao,Gastroenterologist,Tiruchirappalli,28,8707243252,5
Dr. Suresh Mishra,Pulmonologist,Cuddalore,24,8972585415,5
Dr. Priya Reddy,Oncologist,Dindigul,34,8387352894,5
Dr. Ananya Menon,Rheumatologist,Thoothukudi,10,7444102228,4
Dr. Divya Bose,General Physician,Salem,4,7429582912,3
Dr. Neha Gupta,ENT Specialist,Tirunelveli,13,9806161522,4
Dr. Harish Kumar,General Physician,Erode,24,6099946532,5
Dr. Sneha Singh,Dermatologist,Karur,19,8462972224,4.5
Dr. Siddharth Kumar,Dermatologist,Tiruchirappalli,11,8320742863,4
Dr. Neha Kumar,Urologist,Chennai,20,6769045131,5
Dr. Vikram Chopra,ENT Specialist,Dindigul,15,9440317464,4.5
Dr. Shreya Gupta,Dermatologist,Pudukkottai,11,7424261284,4
Dr. Vikram Rao,Rheumatologist,Cuddalore,17,8469849301,4.5
Dr. Kiran Iyer,Orthopedic,Cuddalore,18,6093745422,4.5
Dr. Rajesh Menon,Endocrinologist,Dindigul,25,6470595113,5
Dr. Priya Reddy,General Physician,Madurai,4,8926404437,3
Dr. Vikram Chopra,Rheumatologist,Chennai,11,8397188336,4
Dr. Ananya Rao,Pediatrician,Thanjavur,7,8796709809,3.5
Dr. Vikram Nair,Gastroenterologist,Pudukkottai,16,6319133782,4.5
Dr. Ananya Mishra,Urologist,Virudhunagar,21,8694157306,5
Dr. Sneha Das,Pulmonologist,Coimbatore,16,6018445648,4.5
Dr. Ramesh Das,Oncologist,Pudukkottai,26,8595846274,5
Dr. Meera Bose,Pulmonologist,Nagercoil,27,9357705312,5
Dr. Suresh Mishra,Pediatrician,Madurai,30,6236441346,5
Dr. Divya Patel,Urologist,Cuddalore,4,6920462729,3
Dr. Suresh Patel,ENT Specialist,Madurai,35,6993201594,5
Dr. Shreya Menon,Gynecologist,Krishnagiri,31,8440922856,5
Dr. Aditi Nair,General Physician,Coimbatore,20,6976385600,5
Dr. Naveen Verma,Pediatrician,Chennai,17,8216015191,4.5
Dr. Aditi Chopra,Pulmonologist,Tiruchirappalli,21,6925984952,5
Dr. Kiran Chopra,Neurologist,Coimbatore,32,7172275262,5
Dr. Neha Patel,Urologist,Cuddalore,19,7059129652,4.5
Dr. Harish Menon,Oncologist,Nagercoil,31,9592250841,5
Dr. Ananya Reddy,General Physician,Krishnagiri,32,6531992884,5
Dr. Divya Nair,Pulmonologist,Krishnagiri,33,7490727754,5
Dr. Shreya Patel,Psychiatrist,Coimbatore,5,6003684015,3.5
Dr. Divya Patel,Oncologist,Sivakasi,6,8346384545,3.5
Dr. Pooja Mishra,Oncologist,Sivakasi,31,9933417065,5
Dr. Divya Rao,Cardiologist,Karur,14,7970690574,4
Dr. Ramesh Kumar,Endocrinologist,Karur,12,7592354209,4
Dr. Vikram Gupta,Endocrinologist,Madurai,9,9315468144,3.5
Dr. Meera Bose,Urologist,Vellore,34,6501986725,5
Dr. Rajesh Menon,Dermatologist,Tiruchirappalli,16,7216343233,4.5
Dr. Lakshmi Sharma,Endocrinologist,Vellore,35,8407917790,5
Dr. Naveen Iyer,Neurologist,Vellore,32,8486000289,5
Dr. Ananya Iyer,Psychiatrist,Kanchipuram,12,7874306636,4
Dr. Sneha Iyer,Orthopedic,Chennai,5,9783049110,3.5
Dr. Sneha Sharma,General Physician,Virudhunagar,32,7488294406,5
Dr. Sneha Chopra,Orthopedic,Dindigul,22,8499726363,5
Dr. Lakshmi Mishra,Pulmonologist,Nagercoil,23,6854853676,5
Dr. Arjun Patel,Urologist,Sivakasi,10,7476861797,4
Dr. Harish Verma,Pulmonologist,Karur,26,8347026435,5
Dr. Vikram Patel,Orthopedic,Tiruchirappalli,21,8150939143,5
Dr. Arjun Chopra,Oncologist,Nagercoil,11,6152509030,4
Dr. Ananya Patel,ENT Specialist,Karur,4,7886246276,3
Dr. Ajay Das,ENT Specialist,Kanchipuram,27,8340912701,5
Dr. Vikram Singh,ENT Specialist,Karur,22,7871977918,5
Dr. Arjun Rao,Orthopedic,Chennai,16,6376416244,4.5
Dr. Aditi Menon,Dermatologist,Kanchipuram,17,9198565403,4.5
Dr. Kiran Patel,General Physician,Coimbatore,29,6034274307,5
Dr. Meera Patel,Rheumatologist,Krishnagiri,28,6040569883,5
Dr. Suresh Reddy,Endocrinologist,Madurai,11,6951748026,4
Dr. Ananya Chopra,Cardiologist,Madurai,9,7483056621,3.5
Dr. Vikram Iyer,Gynecologist,Thoothukudi,25,6734113415,5
Dr. Ajay Bose,General Physician,Thanjavur,23,8218675074,5
Dr. Suresh Chopra,Oncologist,Chennai,28,8947694163,5
Dr. Arjun Chopra,Urologist,Vellore,4,9332021705,3
Dr. Divya Das,Oncologist,Nagercoil,19,6410594866,4.5
Dr. Siddharth Rao,Gastroenterologist,Nagapattinam,4,8002473219,3
Dr. Shreya Mishra,Orthopedic,Karur,28,8195813553,5
Dr. Ajay Menon,Endocrinologist,Chennai,32,9880441994,5
Dr. Harish Sharma,ENT Specialist,Virudhunagar,29,7588100080,5
Dr. Harish Nair,General Physician,Thoothukudi,30,6822657641,5
Dr. Sneha Chopra,Urologist,Krishnagiri,5,6911984880,3.5
Dr. Vikram Verma,Oncologist,Tiruchirappalli,27,7771066185,5
Dr. Pooja Nair,ENT Specialist,Kanchipuram,29,9091007299,5
Dr. Suresh Iyer,General Physician,Krishnagiri,13,7874083750,4
Dr. Lakshmi Verma,General Physician,Vellore,16,6743327644,4.5
Dr. Vikram Verma,Endocrinologist,Nagercoil,29,9218555894,5
Dr. Meera Verma,Urologist,Dindigul,28,9114935958,5
Dr. Kiran Mishra,General Physician,Dindigul,21,7747199356,5
Dr. Priya Singh,Urologist,Virudhunagar,28,8467449852,5
Dr. Vikram Patel,Psychiatrist,Coimbatore,23,9510347973,5
Dr. Rajesh Nair,Cardiologist,Krishnagiri,13,7819709754,4
Dr. Harish Rao,Pediatrician,Dindigul,17,9698584998,4.5
Dr. Sneha Patel,Pulmonologist,Tiruchirappalli,5,9393016347,3.5
Dr. Harish Kumar,Neurologist,Erode,25,8743402913,5
Dr. Kiran Bose,Neurologist,Salem,19,6302320852,4.5
Dr. Sneha Menon,Orthopedic,Vellore,19,6177377449,4.5
Dr. Ajay Patel,Pulmonologist,Cuddalore,34,9014745505,5
Dr. Kiran Kumar,Urologist,Pudukkottai,12,8032260623,4
Dr. Priya Chopra,Pulmonologist,Madurai,16,8948980948,4.5
Dr. Meera Menon,Rheumatologist,Dindigul,24,6192188340,5
Dr. Sneha Verma,Gynecologist,Tirunelveli,9,6615551645,3.5
Dr. Divya Bose,Orthopedic,Madurai,13,6029045045,4
Dr. Vikram Das,Endocrinologist,Nagapattinam,12,7324906424,4
Dr. Rajesh Rao,Pulmonologist,Dindigul,23,9356921418,5
Dr. Lakshmi Mishra,Cardiologist,Sivakasi,12,7743621673,4
Dr. Meera Reddy,Pulmonologist,Erode,15,6671221619,4.5
Dr. Neha Chopra,Gynecologist,Pudukkottai,32,9995706330,5
Dr. Sneha Bose,Dermatologist,Tirunelveli,17,9930799991,4.5
Dr. Rajesh Iyer,Urologist,Nagercoil,6,6078971039,3.5
Dr. Aditi Das,Psychiatrist,Krishnagiri,30,8931101521,5
Dr. Vikram Iyer,Endocrinologist,Cuddalore,4,6246392066,3
Dr. Ajay Gupta,Pediatrician,Cuddalore,13,9392766387,4
Dr. Vikram Das,Dermatologist,Vellore,24,7795903540,5
Dr. Ramesh Rao,Rheumatologist,Tiruchirappalli,21,6659361186,5
Dr. Ramesh Iyer,Oncologist,Nagercoil,26,8572280970,5
Dr. Suresh Sharma,Dermatologist,Coimbatore,33,7588174070,5
Dr. Ramesh Nair,Neurologist,Dindigul,18,6773097262,4.5
Dr. Ramesh Singh,Pediatrician,Coimbatore,32,8471067959,5
Dr. Harish Das,Neurologist,Thanjavur,33,7625158407,5
Dr. Vikram Verma,General Physician,Madurai,30,9755181679,5
Dr. Shreya Rao,Gynecologist,Salem,21,6286777729,5
Dr. Ananya Chopra,Orthopedic,Virudhunagar,17,8368591643,4.5
Dr. Aditi Iyer,Cardiologist,Salem,35,8334985075,5
Dr. Vikram Iyer,Pediatrician,Tirunelveli,33,9962590642,5
Dr. Suresh Verma,Gastroenterologist,Coimbatore,32,9077183287,5
Dr. Ramesh Bose,Pediatrician,Dindigul,31,6688406234,5
Dr. Ramesh Sharma,ENT Specialist,Kanchipuram,21,6316978615,5
Dr. Rajesh Gupta,ENT Specialist,Salem,8,9877403951,3.5
Dr. Arjun Iyer,Psychiatrist,Nagercoil,33,6324706654,5
Dr. Priya Bose,General Physician,Dindigul,25,7631644117,5
Dr. Ramesh Singh,Endocrinologist,Thanjavur,21,8071671498,5
Dr. Arjun Menon,General Physician,Salem,15,7942040876,4.5
Dr. Pooja Rao,Urologist,Dindigul,24,6506770747,5
Dr. Harish Sharma,Gynecologist,Madurai,34,8951711217,5
Dr. Neha Das,Rheumatologist,Tiruchirappalli,16,7170509627,4.5
Dr. Meera Verma,Gastroenterologist,Salem,17,9159951766,4.5
Dr. Priya Gupta,Psychiatrist,Thanjavur,33,9595816049,5
Dr. Meera Nair,Pediatrician,Nagercoil,25,8905529638,5
Dr. Naveen Bose,ENT Specialist,Vellore,30,7151069595,5
Dr. Meera Bose,Endocrinologist,Erode,3,7118917183,3
Dr. Rajesh Nair,Dermatologist,Pudukkottai,17,8716424556,4.5
Dr. Shreya Nair,Cardiologist,Dindigul,34,7875505388,5
Dr. Lakshmi Iyer,Gastroenterologist,Kanchipuram,33,9958097078,5
Dr. Vikram Bose,Psychiatrist,Coimbatore,15,7221168330,4.5
Dr. Pooja Das,Orthopedic,Tirunelveli,23,6892660004,5
Dr. Suresh Gupta,Dermatologist,Tiruchirappalli,6,6436816169,3.5
Dr. Kiran Kumar,Urologist,Krishnagiri,13,8726776376,4
Dr. Rajesh Singh,Oncologist,Dindigul,30,6971467980,5
Dr. Naveen Mishra,Pediatrician,Virudhunagar,35,7868026674,5
Dr. Neha Rao,Endocrinologist,Thoothukudi,23,7646951627,5
Dr. Vikram Chopra,Psychiatrist,Dindigul,18,6427261123,4.5
Dr. Priya Sharma,Neurologist,Erode,5,9807364831,3.5
Dr. Neha Chopra,Urologist,Cuddalore,30,7892778783,5
Dr. Pooja Menon,Gastroenterologist,Nagercoil,27,6179052864,5
Dr. Rajesh Sharma,Endocrinologist,Dindigul,34,7885750533,5
Dr. Suresh Bose,Cardiologist,Krishnagiri,32,6984776949,5
Dr. Kiran Das,Oncologist,Tiruchirappalli,35,9661268727,5
Dr. Siddharth Sharma,Psychiatrist,Tirunelveli,34,7205014263,5
Dr. Neha Mishra,Gynecologist,Pudukkottai,18,7251429480,4.5
Dr. Divya Sharma,Pediatrician,Pudukkottai,28,8399275617,5
Dr. Neha Chopra,Urologist,Thanjavur,19,7778957638,4.5
Dr. Suresh Mishra,Psychiatrist,Coimbatore,11,7360581515,4
Dr. Ananya Patel,Urologist,Virudhunagar,9,8306283342,3.5
Dr. Ajay Rao,Cardiologist,Madurai,6,7159138371,3.5
Dr. Suresh Mishra,Gastroenterologist,Thanjavur,18,7364702089,4.5
Dr. Arjun Gupta,Gastroenterologist,Salem,31,6398662458,5
Dr. Vikram Rao,General Physician,Nagapattinam,17,8754395572,4.5
Dr. Arjun Gupta,Rheumatologist,Tirunelveli,16,7537793017,4.5
Dr. Neha Menon,Gynecologist,Nagercoil,16,6409896324,4.5
Dr. Ramesh Kumar,Pulmonologist,Thoothukudi,6,8785234442,3.5
Dr. Aditi Mishra,Pediatrician,Tirunelveli,18,9673341527,4.5
Dr. Sneha Menon,Psychiatrist,Salem,4,6182090041,3
Dr. Neha Sharma,Psychiatrist,Madurai,25,7607290706,5
Dr. Sneha Das,Rheumatologist,Erode,20,6894814781,5
Dr. Siddharth Iyer,Oncologist,Tiruchirappalli,5,6423680862,3.5
Dr. Divya Singh,Gynecologist,Nagercoil,26,6135761864,5
Dr. Ramesh Patel,General Physician,Chennai,33,9497975600,5
Dr. Aditi Nair,Endocrinologist,Vellore,21,9394688501,5
Dr. Pooja Rao,Neurologist,Kanchipuram,22,7031801898,5
Dr. Sneha Chopra,Rheumatologist,Pudukkottai,28,8213172460,5
Dr. Divya Rao,Neurologist,Vellore,32,9647072696,5
Dr. Lakshmi Reddy,Oncologist,Sivakasi,6,6064406842,3.5
Dr. Pooja Kumar,Rheumatologist,Vellore,13,9292775514,4
Dr. Neha Kumar,Pediatrician,Erode,33,8924185475,5
Dr. Harish Reddy,Urologist,Kanchipuram,12,8397828586,4
Dr. Shreya Verma,General Physician,Coimbatore,34,7331741164,5
Dr. Divya Nair,Gynecologist,Madurai,9,6929963681,3.5
Dr. Aditi Chopra,Gastroenterologist,Madurai,34,8669089824,5
Dr. Suresh Mishra,Psychiatrist,Sivakasi,18,9742312896,4.5
Dr. Siddharth Patel,Dermatologist,Chennai,21,6010589123,5
Dr. Neha Gupta,Orthopedic,Cuddalore,24,8794640579,5
Dr. Rajesh Iyer,Psychiatrist,Vellore,31,7348905350,5
Dr. Pooja Menon,General Physician,Tirunelveli,16,9580163748,4.5
Dr. Neha Verma,Gynecologist,Salem,16,8659999678,4.5
Dr. Meera Chopra,Neurologist,Chennai,10,6837752563,4
Dr. Aditi Sharma,Dermatologist,Dindigul,32,6392292896,5
Dr. Shreya Bose,Neurologist,Madurai,30,6072885941,5
Dr. Shreya Bose,Urologist,Krishnagiri,13,8092658532,4
Dr. Ramesh Nair,Gynecologist,Pudukkottai,5,7321513917,3.5
Dr. Rajesh Verma,Orthopedic,Krishnagiri,26,7083733110,5
Dr. Ramesh Sharma,Oncologist,Cuddalore,25,6824598200,5
Dr. Shreya Verma,Endocrinologist,Tirunelveli,7,9581423442,3.5
Dr. Meera Singh,Gastroenterologist,Dindigul,25,9284804605,5
Dr. Lakshmi Chopra,Gynecologist,Nagercoil,32,7536201887,5
Dr. Harish Singh,Urologist,Tiruchirappalli,33,6852419666,5
Dr. Shreya Mishra,Neurologist,Tirunelveli,21,9230443168,5
Dr. Arjun Bose,Pediatrician,Pudukkottai,9,9422216173,3.5
Dr. Lakshmi Sharma,Urologist,Tirunelveli,5,9127905332,3.5
Dr. Siddharth Mishra,Gynecologist,Madurai,15,6246798279,4.5
Dr. Sneha Reddy,Orthopedic,Thanjavur,25,7487490068,5
Dr. Suresh Patel,Dermatologist,Cuddalore,5,8852257514,3.5
Dr. Sneha Gupta,ENT Specialist,Kanchipuram,10,6821881424,4
Dr. Siddharth Nair,Urologist,Thanjavur,24,8651627553,5
Dr. Rajesh Bose,Pulmonologist,Pudukkottai,6,6253670258,3.5
Dr. Ramesh Gupta,Gastroenterologist,Chennai,21,8930131384,5
Dr. Rajesh Singh,Oncologist,Vellore,25,8614429021,5
Dr. Vikram Singh,Endocrinologist,Dindigul,33,6434309542,5
Dr. Pooja Sharma,Cardiologist,Thanjavur,21,6517704597,5
Dr. Ajay Nair,Rheumatologist,Vellore,26,7825027067,5
Dr. Pooja Singh,Pulmonologist,Erode,3,7991028667,3
Dr. Aditi Iyer,Gastroenterologist,Dindigul,7,7903733200,3.5
Dr. Divya Gupta,Pulmonologist,Nagercoil,21,9031270508,5
Dr. Shreya Das,General Physician,Thoothukudi,12,9632995616,4
Dr. Pooja Nair,Gastroenterologist,Chennai,19,8290540708,4.5
Dr. Harish Verma,General Physician,Thanjavur,28,7230518126,5
Dr. Priya Das,Neurologist,Chennai,19,7431190981,4.5
Dr. Sneha Bose,Neurologist,Pudukkottai,12,7024475716,4
Dr. Aditi Rao,Dermatologist,Thoothukudi,18,7447206556,4.5
Dr. Ajay Verma,Urologist,Kanchipuram,20,8151763682,5
Dr. Ajay Iyer,Orthopedic,Nagercoil,31,6968257039,5
Dr. Pooja Kumar,ENT Specialist,Virudhunagar,3,8309424427,3
Dr. Suresh Menon,Cardiologist,Sivakasi,19,6617847605,4.5
Dr. Aditi Kumar,Neurologist,Krishnagiri,4,6502420771,3
Dr. Shreya Sharma,Urologist,Thanjavur,7,7848656010,3.5
Dr. Ajay Rao,Cardiologist,Thoothukudi,24,6351597076,5
Dr. Arjun Bose,Cardiologist,Cuddalore,35,9462868862,5
Dr. Arjun Reddy,Urologist,Madurai,20,8947124507,5
Dr. Rajesh Sharma,Pulmonologist,Coimbatore,29,7085297583,5
Dr. Ramesh Das,Orthopedic,Pudukkottai,8,8868262186,3.5
Dr. Divya Verma,General Physician,Nagapattinam,22,7504126732,5
Dr. Kiran Das,Cardiologist,Nagapattinam,15,8650749102,4.5
Dr. Pooja Patel,ENT Specialist,Thoothukudi,6,7193922792,3.5
Dr. Shreya Menon,Psychiatrist,Nagapattinam,29,8213577635,5
Dr. Kiran Sharma,Urologist,Nagapattinam,6,7995367678,3.5
Dr. Siddharth Nair,Psychiatrist,Erode,22,6690089872,5
Dr. Kiran Menon,Pulmonologist,Salem,4,8237946953,3
Dr. Pooja Reddy,Pediatrician,Tiruchirappalli,28,7466925759,5
Dr. Meera Bose,Endocrinologist,Tirunelveli,27,6562485014,5
Dr. Shreya Patel,Pulmonologist,Virudhunagar,31,7567172953,5
Dr. Naveen Patel,Urologist,Vellore,23,9939213941,5
Dr. Aditi Nair,Dermatologist,Coimbatore,11,7589493299,4
Dr. Vikram Bose,Gastroenterologist,Dindigul,22,6861999461,5
Dr. Pooja Patel,Rheumatologist,Tirunelveli,11,6160583311,4
Dr. Ramesh Rao,Orthopedic,Chennai,16,7159520009,4.5
Dr. Priya Nair,Urologist,Nagapattinam,9,7379865906,3.5
Dr. Sneha Kumar,Psychiatrist,Tirunelveli,29,9484157530,5
Dr. Priya Menon,ENT Specialist,Tiruchirappalli,29,7860428507,5
Dr. Rajesh Chopra,Cardiologist,Cuddalore,20,8640621480,5
Dr. Suresh Bose,Pulmonologist,Chennai,23,7388166638,5
Dr. Sneha Chopra,ENT Specialist,Cuddalore,16,8208870888,4.5
Dr. Siddharth Verma,Endocrinologist,Salem,35,7974511737,5
Dr. Harish Das,Endocrinologist,Nagercoil,11,6254788419,4
Dr. Priya Nair,Cardiologist,Erode,23,9012217211,5
Dr. Ananya Verma,ENT Specialist,Pudukkottai,34,7304463575,5
Dr. Priya Das,ENT Specialist,Karur,22,9096052811,5
Dr. Vikram Gupta,Psychiatrist,Erode,29,9643957825,5
Dr. Ananya Verma,Pediatrician,Coimbatore,8,8732707075,3.5
Dr. Ajay Rao,Psychiatrist,Thanjavur,18,9089033443,4.5
Dr. Neha Iyer,Endocrinologist,Pudukkottai,11,8714672785,4
Dr. Ananya Patel,Rheumatologist,Thoothukudi,17,8732218039,4.5
Dr. Aditi Mishra,Gynecologist,Karur,12,9711707780,4
Dr. Pooja Gupta,Neurologist,Pudukkottai,12,8093204969,4
Dr. Ajay Mishra,Gynecologist,Salem,26,8402781650,5
Dr. Vikram Das,Psychiatrist,Virudhunagar,20,7635361963,5
Dr. Kiran Menon,General Physician,Krishnagiri,21,8885236282,5
Dr. Aditi Gupta,Urologist,Chennai,29,7551002935,5
Dr. Ananya Das,Neurologist,Tiruchirappalli,32,8067059503,5
Dr. Rajesh Nair,Neurologist,Coimbatore,26,9075617078,5
Dr. Harish Rao,Gastroenterologist,Coimbatore,35,9895105691,5
Dr. Rajesh Nair,Neurologist,Madurai,25,6810843661,5
Dr. Meera Iyer,Psychiatrist,Tirunelveli,28,8357810354,5
Dr. Lakshmi Nair,ENT Specialist,Karur,19,6605314307,4.5
Dr. Priya Mishra,Pulmonologist,Cuddalore,11,7245171557,4
Dr. Lakshmi Bose,Orthopedic,Tiruchirappalli,19,9474475377,4.5
Dr. Shreya Nair,Rheumatologist,Madurai,4,8842390695,3
Dr. Vikram Rao,Rheumatologist,Nagapattinam,15,8119641285,4.5
Dr. Neha Reddy,Neurologist,Thanjavur,16,7486225308,4.5
Dr. Pooja Menon,Gastroenterologist,Pudukkottai,3,9003487642,3
Dr. Meera Kumar,Pulmonologist,Nagercoil,29,6685836126,5
Dr. Ananya Sharma,Gastroenterologist,Kanchipuram,21,9826505461,5
Dr. Meera Reddy,Cardiologist,Coimbatore,31,8285391687,5
Dr. Priya Reddy,Neurologist,Dindigul,14,6240527279,4
Dr. Aditi Gupta,Pediatrician,Madurai,17,8677904315,4.5
Dr. Shreya Chopra,Oncologist,Pudukkottai,12,6086030307,4
Dr. Sneha Reddy,Oncologist,Kanchipuram,24,9758008672,5
Dr. Shreya Bose,Pediatrician,Pudukkottai,26,9665980284,5
Dr. Neha Mishra,Dermatologist,Dindigul,14,7207655164,4
Dr. Vikram Rao,Gynecologist,Krishnagiri,18,9763735675,4.5
Dr. Harish Chopra,Urologist,Coimbatore,9,9373440791,3.5
Dr. Kiran Mishra,Dermatologist,Chennai,28,8528526053,5
Dr. Arjun Sharma,Rheumatologist,Nagapattinam,33,7973590740,5
Dr. Ajay Reddy,Urologist,Tiruchirappalli,8,8933768953,3.5
Dr. Arjun Nair,Psychiatrist,Pudukkottai,13,8924048597,4
Dr. Vikram Rao,Neurologist,Chennai,33,6211140920,5
Dr. Shreya Menon,Psychiatrist,Nagercoil,20,9465843282,5
Dr. Harish Verma,Cardiologist,Chennai,23,6293055740,5
Dr. Ananya Gupta,Endocrinologist,Kanchipuram,26,8351168751,5
Dr. Shreya Menon,Rheumatologist,Sivakasi,24,7711920726,5
Dr. Suresh Bose,Psychiatrist,Erode,5,7736722709,3.5
Dr. Vikram Singh,ENT Specialist,Cuddalore,9,9318020082,3.5
Dr. Vikram Kumar,Pediatrician,Virudhunagar,14,8829207824,4
Dr. Ajay Verma,General Physician,Nagercoil,18,9017073934,4.5
Dr. Pooja Bose,Orthopedic,Krishnagiri,9,9434298622,3.5
Dr. Siddharth Gupta,Gastroenterologist,Nagercoil,6,7800652981,3.5
Dr. Ananya Iyer,Gynecologist,Madurai,18,8000726227,4.5
Dr. Lakshmi Verma,Psychiatrist,Salem,13,9055586311,4
Dr. Priya Das,Gynecologist,Cuddalore,5,6013549150,3.5
Dr. Divya Iyer,Cardiologist,Cuddalore,28,9410155363,5
Dr. Harish Bose,Cardiologist,Virudhunagar,14,8898921360,4
Dr. Suresh Reddy,Urologist,Sivakasi,32,9945382804,5
Dr. Aditi Iyer,Neurologist,Erode,26,8908528150,5
Dr. Rajesh Iyer,Oncologist,Salem,35,8352096604,5
Dr. Harish Singh,Psychiatrist,Madurai,9,7356887842,3.5
Dr. Pooja Singh,Neurologist,Coimbatore,28,9719371205,5
Dr. Harish Mishra,Neurologist,Nagercoil,25,9709068288,5
Dr. Aditi Iyer,Urologist,Pudukkottai,21,8015826501,5
Dr. Kiran Chopra,Rheumatologist,Kanchipuram,24,7555782994,5
Dr. Aditi Reddy,Rheumatologist,Krishnagiri,16,6767209865,4.5
Dr. Neha Kumar,Dermatologist,Cuddalore,3,8127727349,3
Dr. Rajesh Iyer,Gastroenterologist,Krishnagiri,20,6716013311,5
Dr. Suresh Sharma,Dermatologist,Karur,26,8768497086,5
Dr. Naveen Reddy,Gastroenterologist,Thoothukudi,20,8637935442,5
Dr. Sneha Das,Cardiologist,Coimbatore,25,9809941696,5
Dr. Ananya Patel,Pediatrician,Chennai,33,9634839990,5
Dr. Ajay Kumar,Rheumatologist,Chennai,10,6935905055,4
Dr. Suresh Das,ENT Specialist,Krishnagiri,26,7709103137,5
Dr. Pooja Gupta,Rheumatologist,Cuddalore,23,7745813832,5
Dr. Harish Reddy,Psychiatrist,Nagapattinam,11,9473439583,4
Dr. Arjun Iyer,Orthopedic,Salem,21,7233715928,5
Dr. Arjun Verma,Psychiatrist,Sivakasi,7,8158394561,3.5
Dr. Pooja Iyer,Oncologist,Chennai,30,9829743887,5
Dr. Divya Mishra,Urologist,Erode,10,6279753966,4
Dr. Neha Rao,Endocrinologist,Tiruchirappalli,32,6357709611,5
Dr. Lakshmi Bose,Cardiologist,Kanchipuram,35,7440071605,5
Dr. Arjun Chopra,Pediatrician,Sivakasi,9,8711719035,3.5
Dr. Meera Gupta,Oncologist,Sivakasi,14,8699372592,4
Dr. Shreya Kumar,Gynecologist,Kanchipuram,4,7743469119,3
Dr. Divya Patel,Pediatrician,Coimbatore,29,7905939168,5
Dr. Aditi Iyer,Oncologist,Kanchipuram,4,8400327539,3
Dr. Ramesh Das,Rheumatologist,Virudhunagar,31,7330766138,5
Dr. Ananya Sharma,Oncologist,Krishnagiri,35,6130779918,5
Dr. Rajesh Bose,Gynecologist,Cuddalore,27,7978230418,5
Dr. Lakshmi Verma,Pulmonologist,Nagercoil,13,8870630614,4
Dr. Shreya Patel,Gynecologist,Sivakasi,19,9817938753,4.5
Dr. Ananya Gupta,Pediatrician,Kanchipuram,13,9592314381,4
Dr. Pooja Gupta,Orthopedic,Nagercoil,9,7080109451,3.5
Dr. Shreya Chopra,General Physician,Chennai,29,7878052103,5
Dr. Ananya Chopra,Cardiologist,Erode,8,6194638380,3.5
Dr. Priya Kumar,ENT Specialist,Tiruchirappalli,35,7873037327,5
Dr. Harish Mishra,Oncologist,Thanjavur,3,7055026046,3
Dr. Neha Reddy,Oncologist,Vellore,17,7664505402,4.5
Dr. Aditi Kumar,Endocrinologist,Tirunelveli,26,7796585030,5
Dr. Priya Chopra,General Physician,Karur,12,6660429162,4
Dr. Ananya Das,ENT Specialist,Dindigul,22,8198216086,5
Dr. Vikram Das,Gastroenterologist,Vellore,29,7775446716,5
Dr. Neha Das,Rheumatologist,Nagapattinam,32,6876584542,5
Dr. Vikram Chopra,Psychiatrist,Thoothukudi,17,7391452421,4.5
Dr. Rajesh Gupta,Oncologist,Kanchipuram,11,7117482114,4
Dr. Kiran Chopra,Pediatrician,Salem,9,9373846953,3.5
Dr. Lakshmi Das,Rheumatologist,Thoothukudi,33,8487673371,5
Dr. Rajesh Das,Neurologist,Erode,10,6355307160,4
Dr. Kiran Rao,Urologist,Erode,4,7186814686,3
Dr. Neha Mishra,Rheumatologist,Virudhunagar,7,8489681664,3.5
Dr. Divya Verma,Neurologist,Virudhunagar,33,9855166657,5
Dr. Rajesh Chopra,Dermatologist,Sivakasi,21,6723883831,5
Dr. Ananya Iyer,General Physician,Sivakasi,20,7151859703,5
Dr. Divya Verma,Oncologist,Pudukkottai,9,8134816780,3.5
Dr. Neha Patel,Rheumatologist,Coimbatore,13,6355127852,4
Dr. Kiran Menon,Orthopedic,Tiruchirappalli,6,7245664752,3.5
Dr. Sneha Chopra,Orthopedic,Thoothukudi,30,8455056113,5
Dr. Neha Reddy,Rheumatologist,Kanchipuram,7,7020049355,3.5
Dr. Vikram Patel,General Physician,Kanchipuram,11,9485835876,4
Dr. Ramesh Kumar,Psychiatrist,Chennai,3,9585651978,3
Dr. Naveen Chopra,Dermatologist,Chennai,35,8069276031,5
Dr. Meera Mishra,Pulmonologist,Cuddalore,23,6433024019,5
Dr. Sneha Verma,Dermatologist,Nagercoil,28,7823172738,5
Dr. Lakshmi Das,General Physician,Coimbatore,8,9017725720,3.5
Dr. Meera Das,General Physician,Thoothukudi,10,6068592974,4
Dr. Aditi Kumar,Neurologist,Madurai,24,6556279016,5
Dr. Suresh Iyer,General Physician,Erode,25,6164250763,5
Dr. Divya Chopra,Dermatologist,Karur,33,7274666891,5
Dr. Pooja Rao,Pediatrician,Chennai,35,6724165849,5
Dr. Meera Gupta,ENT Specialist,Madurai,17,7688459326,4.5
Dr. Aditi Verma,Endocrinologist,Pudukkottai,23,8541265040,5
Dr. Sneha Patel,Psychiatrist,Madurai,21,9462539909,5
